address,city,postcode,source_id
8 Bishopsgate,London,EC2N 4BQ,1848503
861 Washwood Heath Road,Birmingham,B8 2NR,1203805
19 Lever Street,Manchester,M1 1BY,1819790
40 Hope Street,Liverpool,L1 9DA,1571033
"12 Harrogate Road, Rawdon",Leeds,LS19 6HJ,1360911
23 Alma Street,Sheffield,S3 8SA,1759955
"10-12 Gloucester Road, Bishopston",Bristol,BS7 8AE,1833561
212 Ilkeston Road,Nottingham,NG7 3HG,1846692
10 - 12 Market Street,Leicester,LE1 6DP,943840
112 Hanover Street,Edinburgh,EH2 1DR,93599
23 Dougrie Drive,Glasgow,G45 9AD,1827766
"115 Queen Street, Cathays",Cardiff,CF10 2BH,979940
42 Waring Street,Belfast,BT1 2ED,59857
25 Bath Lane,Newcastle upon Tyne,NE4 5SP,1403372
"100 - 101 Gloucester Green, Oxfordshire",Oxford,OX1 2DF,1726790
"196 Mill Road, Cambridgeshire",Cambridge,CB1 3NF,1472773
62-68 Low Petergate,York,YO1 7HZ,447620
"18 Green Street, City Centre",Bath,BA1 2JZ,1785986
6 Paris Street,Exeter,EX1 1GA,1733057
60 Queen Street,Portsmouth,PO1 3HW,1725005
12D Meeting House Lane,Brighton,BN1 1HB,1382347
210 Market Street,Aberdeen,AB11 5PQ,593681
32-38 Fintry Drive,Dundee,DD4 9PB,151320
"117 Cornwall Street, City Centre",Plymouth,PL1 1PA,1651654
Unit 5 The Courtyard Walsgrave Road,Coventry,CV2 4ED,241042
4-6 Scarborough Rise,Derby,DE21 4DG,1515829
136 Highfield Lane,Southampton,SO17 1NR,1753807
53 Basingstoke Road,Reading,RG2 0ER,748891
"2 Raynor Road, West Midlands",Wolverhampton,WV10 9QY,1649481
"85/87 Lichfield Street, Hanley",Stoke-on-Trent,ST1 3EA,115231
120 Fenchurch Street,London,EC3M 5AL,1210870
"135 Stratford Road, Sparkbrook",Birmingham,B11 1RD,1807295
1 Hardman Square,Manchester,M3 2BA,1819746
Unit 35 The Met Quarter 43 Whitechapel,Liverpool,L1 6DA,1243646
31 Bond Street,Leeds,LS1 5BQ,1403030
25 Division Street,Sheffield,S1 4GE,1071286
"115 Staple Hill Road, Fishponds",Bristol,BS16 5AD,1518472
1 Avenue E,Nottingham,NG1 1DN,1838685
21A Oronsay Road,Leicester,LE4 0RT,1724857
10 Hill Place,Edinburgh,EH8 9DS,522452
310 Dyke Road,Glasgow,G13 4QU,96596
"Unit 1 Radyr Court Shopping Precinct Radyr Court Road, Llandaff",Cardiff,CF5 2SF,1743729
"Retail Unit 1, 2 Caffrey Avenue",Belfast,BT11 8RF,1855285
Floor 1 117 Westgate Road,Newcastle upon Tyne,NE1 4AG,1768761
"2 North Parade Avenue, Oxfordshire",Oxford,OX2 6LX,718878
"44 Russell Street, Cambridgeshire",Cambridge,CB2 1HT,1854064
21 High Petergate,York,YO1 7EN,245881
"180 Frome Road, Odd Down",Bath,BA2 5RF,948538
"3 Summerland Street, Devon",Exeter,EX1 2AT,1009933
150 Kingston Road,Portsmouth,PO2 7PD,950239
6 - 7 Gloucester Street,Brighton,BN1 4EW,1577054
55 Rose Street,Aberdeen,AB10 1UB,593037
325 Hilltown,Dundee,DD3 7AQ,729400
53 Union Street,Plymouth,PL1 3LU,1158045
3 Five 1 Stoney Stanton Road,Coventry,CV6 5DS,945770
"Unit 21 Robinsons Industrial Estate, Shaftesbury Street",Derby,DE23 8NL,216071
29 Bedford Place,Southampton,SO15 2DG,220143
4 Cross Street,Reading,RG1 1SN,1109767
"40 Newbolds Road, West Midlands",Wolverhampton,WV10 0SB,1919622
"134 Greasley Road, Abbey Hulton",Stoke-on-Trent,ST2 8HZ,1520238
21 West Smithfield,London,EC1A 9HY,1063318
185-187 Weoley Avenue,Birmingham,B29 6PU,602618
75 Mosley Street,Manchester,M2 3HR,1817500
3 Church Road,Liverpool,L15 9EA,1437684
"32 - 33 Headingley Central, Otley Road, Headingley",Leeds,LS6 2UE,1752520
"10A Valley Centertainment, Broughton Lane",Sheffield,S9 2EP,1093076
"52 Park Street, City Centre",Bristol,BS1 5JN,895621
101 Castle Boulevard,Nottingham,NG7 1FE,1662564
23A New Park Street,Leicester,LE3 5NH,1201051
108 Portobello High Street,Edinburgh,EH15 1AL,1198381
1051 Great Western Road,Glasgow,G12 0XP,772027
"10 Church Road, Caerau",Cardiff,CF5 5LQ,968463
5a Lockview Road,Belfast,BT9 5FH,782086
132 - 140 New Bridge Street,Newcastle upon Tyne,NE1 2SZ,1174696
"51A Cowley Road, Oxfordshire",Oxford,OX4 1HP,1768877
"42 Mill Road, Cambridgeshire",Cambridge,CB1 2AD,1473538
12 Tower Street,York,YO1 9SA,245744
"1 North Parade, City Centre",Bath,BA1 1LF,1029594
"44 Magdalen Road, Devon",Exeter,EX2 4TA,1246399
1 Gamble Road,Portsmouth,PO2 7AL,107424
46 St James's Street,Brighton,BN2 1RG,1806468
406 Great Western Road,Aberdeen,AB10 6NR,593410
"Unit 1, 1 Lothian Crescent",Dundee,DD4 0SX,1439424
126 Mount Gould Road,Plymouth,PL4 7PY,247455
8 Market Way,Coventry,CV1 1DL,1411686
1 Browning Circle,Derby,DE23 8WD,1824802
51 St Marys Road,Southampton,SO14 0BH,1332743
101 Wokingham Road,Reading,RG6 1LH,1802914
"765 Cannock Road, Wednesfield, West Midlands",Wolverhampton,WV10 8PN,1804095
"25 Abbotts Drive, Sneyd Green",Stoke-on-Trent,ST1 6HX,1842981
12 Harrow Place,London,E1 7DB,1134946
255 Wash Lane,Birmingham,B25 8PT,601933
712-716 Wilmslow Road,Manchester,M20 6DQ,1923166
5 Langley Close,Liverpool,L12 0NB,1630845
"TK7 Trinity Kitchen, 401 Trinity Leeds, Albion Street",Leeds,LS1 5AY,620730
49 Wicker,Sheffield,S3 8HT,1735570
"1b Pitville Place, Cotham",Bristol,BS6 6JZ,1378058
117 Woodside Road,Nottingham,NG9 2SB,1914341
"Unit 2, Willowbrook Workshops, Syston Street West",Leicester,LE1 2JU,36148
18 Craigmillar Park,Edinburgh,EH16 5PS,1067009
109 Cleveden Road,Glasgow,G12 0JU,1521981
"58 - 60 Tudor Street, Riverside",Cardiff,CF11 6AJ,968790
7 Stranmillis Road,Belfast,BT9 5AF,1208234
Unit 2 Pandon Bankside Pandon,Newcastle upon Tyne,NE1 2HH,236638
"51 Covered Market, Market Street, Oxfordshire",Oxford,OX1 3DX,1002729
"5 Chapel Street, Cambridgeshire",Cambridge,CB4 1DY,1473620
47-49 Lawrence Street,York,YO10 3BU,849970
"5 Princes Buildings, City Centre, Bath And North East Somerset",Bath,BA1 2ED,205347
"358A Pinhoe Road, Devon",Exeter,EX4 8AJ,1436512
"R05a, South Promenade Building, Gunwharf Quays",Portsmouth,PO1 3TP,121036
152 - 154 Kings Road Arches,Brighton,BN1 1NB,1806447
"474 Union Street, Aberdeen City",Aberdeen,AB10 1TS,1806778
5 Nicoll Street,Dundee,DD1 1LY,1882198
17 Brest Road,Plymouth,PL6 5XN,984427
184 Longford Road,Coventry,CV6 6DR,1371602
23 Roosevelt Avenue,Derby,DE21 6JR,1589678
37 The Polygon,Southampton,SO15 2BP,219851
130 Great Knollys Street,Reading,RG1 7HB,280914
"63 Stubby Lane, West Midlands",Wolverhampton,WV11 3NL,1437154
29 Ford Green Road,Stoke-on-Trent,ST6 1NT,554906
56 West Smithfield,London,EC1A 9DS,1571131
12 Lower Temple Street,Birmingham,B2 4JD,1179540
2 Bootle Street,Manchester,M2 5GU,1894310
Unit 4 Russel Hulme Buildings Shaw Road,Liverpool,L24 9JT,1660975
"1 Shaftesbury Parade, Harehills Lane",Leeds,LS9 6PJ,1689621
46 Castle Square,Sheffield,S1 2GF,437721
"271 Two Mile Hill Road, St George",Bristol,BS15 1AX,1801480
16 Flying Horse Walk,Nottingham,NG1 2HN,718506
69 Nicklaus Road,Leicester,LE4 7RP,1615177
181 Bruntsfield Place,Edinburgh,EH10 4DG,715174
"Storey 0/1, 8 Elliot Place",Glasgow,G3 8EP,1070938
"3 Meteor Street, Adamsdown",Cardiff,CF24 0HW,1846661
331-333 Shankill Road,Belfast,BT13 3AA,1683677
Unit 43 Hoults Estate Walker Road,Newcastle upon Tyne,NE6 1AB,1409801
"302 Banbury Road, Oxfordshire",Oxford,OX2 7ED,268380
"Unit 3 To 4 Restwell House Coldhams Road, Cambridgeshire",Cambridge,CB1 3EW,1893103
12A Front Street,York,YO24 3BZ,245571
"11 - 12 High Street, City Centre",Bath,BA1 5AQ,204860
"3 Cathedral Yard, Devon",Exeter,EX1 1HJ,456755
135 Allaway Avenue,Portsmouth,PO6 4HE,1500206
85 Preston Street,Brighton,BN1 2HG,1893409
52 Regent Quay,Aberdeen,AB11 5AQ,593690
Block 4 Dalkeith Road,Dundee,DD4 7DL,1720654
"Unit 9 Christian Mill, Tamerton Foliot Road",Plymouth,PL6 5DS,1651657
10A Hay Lane,Coventry,CV1 5RF,1288287
21-23 Friar Gate,Derby,DE1 1BX,1737049
58 St Mary Street,Southampton,SO14 1NT,1899706
69-71 Whitley Street,Reading,RG2 0EG,1688492
"644 - 645 Parkfield Road, West Midlands",Wolverhampton,WV4 6EH,1452610
"77-81 Meaford Drive, Fenton",Stoke-on-Trent,ST3 2BB,1053767
88 Wood Street,London,EC2V 7DA,1802072
"85-85A High Street, Harborne",Birmingham,B17 9ND,1881454
"Arches 18 & 19, Watson Street",Manchester,M3 4LP,1817569
52 Rose Lane,Liverpool,L18 5ED,1243592
"11A Main Street, Garforth",Leeds,LS25 1DS,1080063
551 Ecclesall Road,Sheffield,S11 8PR,1602662
"22 The Mall, Clifton",Bristol,BS8 4DS,1514148
99-101 Carrington Street,Nottingham,NG1 7FE,903383
40 Hinckley Road,Leicester,LE3 0RB,1660167
3 Royal Terrace,Edinburgh,EH7 5AB,522530
11 Dove Street,Glasgow,G53 7BS,360857
"376 Cowbridge Road East, Canton",Cardiff,CF5 1JJ,1053033
90 Donegall Quay,Belfast,BT1 3FE,1057552
33A Blandford Square,Newcastle upon Tyne,NE1 4HZ,1747134
"12 Cherwell Drive, Oxfordshire",Oxford,OX3 0LY,1766803
"154 Chesterton Road, Cambridgeshire",Cambridge,CB4 1DA,1473065
2 Front Street,York,YO24 3BZ,245215
"6 Green Street, City Centre",Bath,BA1 2JY,1231292
"19A Sidwell Street, Devon",Exeter,EX4 6NN,836302
45 - 47 London Road,Portsmouth,PO2 0BH,1908451
33 Duke Street,Brighton,BN1 1AG,1650689
524 George Street,Aberdeen,AB25 3XJ,1106585
23 Mains Road,Dundee,DD3 7RH,151663
"140 Cornwall Street, City Centre",Plymouth,PL1 1NJ,1777652
7 Ringwood Highway,Coventry,CV2 2GG,240599
821 Osmaston Road,Derby,DE24 9BQ,1780038
133 Portswood Road,Southampton,SO17 2FX,1888866
55 St Marys Butts,Reading,RG1 2LG,1688493
"6 - 7 Ellerton Walk, West Midlands",Wolverhampton,WV10 0UG,1064899
"15 Christchurch Street, Fenton",Stoke-on-Trent,ST4 3AB,1831663
27 Throgmorton Street,London,EC2N 2AN,1410971
"161-163 Station Road, Stechford And Yardley North",Birmingham,B33 8BA,1823821
"3g & 3f Langden House, Norman Road",Manchester,M14 5LF,1821203
62 Castle Street,Liverpool,L2 7LQ,1706026
"81 Stonegate Road, Meanwood",Leeds,LS6 4HZ,896186
201 London Road,Sheffield,S2 4LJ,1823908
"25a Old Market Street, St Philips",Bristol,BS2 0HB,1693138
145-147 Mansfield Road,Nottingham,NG1 3FR,1499724
108 Belgrave Road,Leicester,LE4 5AT,409315
126a Alnwickhill Road,Edinburgh,EH16 6NQ,663726
161 West Nile Street,Glasgow,G1 2RL,133349
"108 Clifton Street, Adamsdown",Cardiff,CF24 1LU,1810394
25-51 York Street,Belfast,BT15 1ED,1452434
33 Blandford Square,Newcastle upon Tyne,NE1 4HZ,1316417
"137 - 139 Cowley Road, Oxfordshire",Oxford,OX4 1HU,1761253
"3 - 4 Kings Parade, Cambridgeshire",Cambridge,CB2 1SJ,1473180
220 Gale Lane,York,YO24 3AQ,245813
"19 Union Street, City Centre, Bath And North East Somerset",Bath,BA1 1RS,1755881
55 Bartholomew Street West,Exeter,EX4 3AJ,1872385
41 Jubilee Avenue,Portsmouth,PO6 4QN,740043
26 Queens Road,Brighton,BN1 3XA,1408113
615A Great Northern Road,Aberdeen,AB24 2DB,592829
97 Camperdown Road,Dundee,DD3 8RF,151700
66 Embankment Road,Plymouth,PL4 9HY,143944
105 St James Lane,Coventry,CV3 3FW,761487
19 Strutt Street,Derby,DE23 8FF,1786884
51 Victoria Road,Southampton,SO19 9DY,1810848
350 Basingstoke Road,Reading,RG2 0NT,859305
"55 High Street, Bilston, West Midlands",Wolverhampton,WV14 0EP,1695539
"40a The Strand, Longton",Stoke-on-Trent,ST3 2JN,1474496
30 Royal Exchange,London,EC3V 3LP,1618754
103 Colmore Row,Birmingham,B3 3AG,1540134
104 High Street,Manchester,M4 1HQ,1817816
7 Woodlands Square,Liverpool,L27 5RZ,1339541
11 Call Lane,Leeds,LS1 7DH,1858634
99 Mary Street,Sheffield,S1 4RT,1337493
"733 Fishponds Road, Fishponds",Bristol,BS16 3UP,1936492
29-31 Goose Gate,Nottingham,NG1 1FE,1076251
4A Hotel Street,Leicester,LE1 5AW,1421442
53-55 Muirhouse Gardens,Edinburgh,EH4 4TD,1709343
14 Vinicombe Street,Glasgow,G12 8BG,1397300
"8 Mackintosh Place, Roath",Cardiff,CF24 4RQ,1714168
25-27 Franklin Street,Belfast,BT2 8DS,1634647
38 Acorn Road,Newcastle upon Tyne,NE2 2DJ,1915988
"10 Little Clarendon Street, Oxfordshire",Oxford,OX1 2HP,268934
"152 - 154 Hills Road, Cambridgeshire",Cambridge,CB2 8PB,1527809
12 Front Street,York,YO24 3BZ,245082
"6 Manvers Street, City Centre, Bath And North East Somerset",Bath,BA1 1JQ,1417581
"61 - 63 Church Road, Alphington",Exeter,EX2 8SW,1676292
256 Havant Road,Portsmouth,PO6 1PA,1620951
75 St James's Street,Brighton,BN2 1PA,1855601
17 Justice Street,Aberdeen,AB11 5HS,593012
"170-172 High Street, Lochee",Dundee,DD2 3BZ,151259
242 Albert Road,Plymouth,PL2 1AW,451478
494 Foleshill Road,Coventry,CV6 5HP,905351
120 St Thomas Road,Derby,DE23 8SW,1708662
83B Commercial Road,Southampton,SO15 1GH,1454781
"30-32a Church Street, Caversham",Reading,RG4 8AU,280791
"118 Church Street, Bilston",Wolverhampton,WV14 0BJ,1525550
"Unit 19 Whieldon Road Industrial Estate, Whieldon Road, Stoke",Stoke-on-Trent,ST4 4JP,1827211
40 Charterhouse Square,London,EC1M 6EA,1552277
"3 Arena Central, Bridge Street",Birmingham,B1 2AX,1417023
16 John Dalton Street,Manchester,M2 6HY,1820934
16 Cook Street,Liverpool,L2 9RF,1648175
16 Boar Lane,Leeds,LS1 6EN,1675031
185 Blackstock Road,Sheffield,S14 1FX,972452
"1 Lancaster Street, Redfield",Bristol,BS5 9QL,1887801
10 St James's Terrace,Nottingham,NG1 6FW,1779347
"Unit 1, Abbeygate House, 15 Abbey Gate",Leicester,LE4 0AA,1616651
17-21 Blackfriars Street,Edinburgh,EH1 1NB,1627346
30 Gleddoch Road,Glasgow,G52 4BD,1060525
"65 - 67 St David's Dewi Sant Grand Arcade, Cathays",Cardiff,CF10 2EL,1594353
"Unit 4 Twin Spires Centre, 155 Northumberland Street",Belfast,BT13 2JF,1917517
Unit 12 1 Stepney Road,Newcastle upon Tyne,NE1 2PZ,1803779
"24-25 Walton Crescent, Oxfordshire",Oxford,OX1 2JG,269430
"100A - 102A Mill Road, Cambridgeshire",Cambridge,CB1 2BD,1473871
7-9 Front Street,York,YO24 3BW,245371
"5 Argyle Street, Bathwick",Bath,BA2 4BA,962193
"1 Legion Way, Devon",Exeter,EX2 8TF,165093
84 Fratton Road,Portsmouth,PO1 5BZ,103856
116 - 118 Carden Avenue,Brighton,BN1 8NE,1050833
49 Justice Street,Aberdeen,AB11 5HS,592852
230 Broughty Ferry Road,Dundee,DD4 7JP,187103
1 Galileo Close,Plymouth,PL7 4JW,1376237
2 Aardvark Butts,Coventry,CV1 3GR,1787083
"Unit 6a Meteor Centre, Mansfield Road",Derby,DE21 4SY,1718581
237 - 239 Aldermoor Road,Southampton,SO16 5NU,1646026
73 Russell Street,Reading,RG1 7XG,280971
"217 Waterloo Terrace, Newhampton Road East",Wolverhampton,WV1 4BA,584875
"13 Christchurch Street, Fenton",Stoke-on-Trent,ST4 3AB,139675
61 - 62 Watling Street,London,EC4M 9DD,1649543
314 Ladypool Road,Birmingham,B12 8JY,1532690
"Unit G3 Hardman Square, 1 Spinningfields",Manchester,M3 3EB,1820933
81 Renshaw Street,Liverpool,L1 2SJ,902177
"11A Town Street, Rawdon",Leeds,LS19 6PU,1609488
"Unit 1 Sth Yorks Frsh Prod/Fl, Parkway Drive",Sheffield,S9 4WN,436174
"4500 Miles From Delhi The Colston, 8 Colston Avenue, City Centre",Bristol,BS1 4ST,1487563
15-16 Hurts Yard,Nottingham,NG1 6JD,858125
19 High Street,Leicester,LE1 4FP,1693201
1b Inverleith Gardens,Edinburgh,EH3 5PU,1940856
397 Dumbarton Road,Glasgow,G11 6BE,36362
"8 Park Road, Whitchurch",Cardiff,CF14 7BQ,1837642
238-266 Lisburn Road,Belfast,BT9 6GF,1611675
32 Acorn Road,Newcastle upon Tyne,NE2 2DJ,1538255
"Unit 7, 59 - 63 Cowley Road, Oxfordshire",Oxford,OX4 1HR,1642989
"Unit 1 157 Histon Road, Cambridgeshire",Cambridge,CB4 3JD,1473249
1 St Marys,York,YO30 7DD,245909
"7 Pulteney Gardens, Widcombe, Bath And North East Somerset",Bath,BA2 4HG,701421
"12 Oaktree Place, Manaton Close, Devon",Exeter,EX2 8WA,178836
29 Arundel Street,Portsmouth,PO1 1NB,1771328
41 Lewes Road,Brighton,BN2 3HQ,1806440
66 Bon Accord Street,Aberdeen,AB11 6EL,592408
17 Albert Street,Dundee,DD4 6NS,1631051
141 Union Street,Plymouth,PL1 3HF,782797
39A St Patricks Road,Coventry,CV1 2LP,240166
203 Siddals Road,Derby,DE1 2QE,748125
88 - 96 Bevois Valley Road,Southampton,SO14 0JZ,219383
Unit 2 2-4 Kings Road,Reading,RG1 3AA,1837406
"22 Queen Street, City Centre, West Midlands",Wolverhampton,WV1 3JW,1860754
"114 Baddeley Green Lane, Baddeley Green",Stoke-on-Trent,ST2 7HA,931517
16-18 Monument Street,London,EC3R 8AJ,1416542
53 Stephenson Street,Birmingham,B2 4DH,598467
"Unit 1, Dark Lane",Manchester,M12 6FA,1839331
49 Jamaica Street,Liverpool,L1 0AH,1243524
"1 Stonegate Close, Moortown",Leeds,LS17 6EN,1021215
52 Sharrow Lane,Sheffield,S11 8AL,435759
"19-20 Perry Road, City Centre",Bristol,BS1 5BG,1737348
28 Broxtowe Lane,Nottingham,NG8 5NP,539612
66 Queens Road,Leicester,LE2 1TU,1290120
2-8 West Crosscauseway,Edinburgh,EH8 9JP,68590
241 Sauchiehall Street,Glasgow,G2 3EZ,1784497
"191 Burnham Avenue, Llanrumney",Cardiff,CF3 5NZ,970029
7-9 Bridge Street,Belfast,BT1 1LT,1683676
12 - 13 Grainger Market Grainger Street,Newcastle upon Tyne,NE1 5QG,1171126
"Unit 7, Ferry Mills, Osney Mead",Oxford,OX2 0ES,269262
"393 Newmarket Road, Cambridgeshire",Cambridge,CB5 8JL,1473546
"212b Shipton Road, Rawcliffe",York,YO30 5RZ,245482
"15 Milsom Street, City Centre",Bath,BA1 1DE,1672276
6 Northernhay Place,Exeter,EX4 3QJ,1801619
"Unit 3A, Ocean Park, Burrfields Road",Portsmouth,PO3 5NP,1197814
134 Kings Road,Brighton,BN1 2HH,1867872
3 Forbesfield Road,Aberdeen,AB15 4NX,593078
3 Session Street,Dundee,DD1 5DN,1344231
79 New George Street,Plymouth,PL1 1RJ,1894791
734 Sewall Highway,Coventry,CV6 7JJ,1860192
15-17 Chellaston Road,Derby,DE24 9AD,609453
"Unit 4 Level 3, Watermark West Quay South, Harbour Parade",Southampton,SO15 1DE,1007419
"18 Prospect Street, Caversham",Reading,RG4 8JG,1552887
"10A Craddock Street, West Midlands",Wolverhampton,WV6 0QJ,585053
"107 Anchor Road, Adderley Green",Stoke-on-Trent,ST3 1JY,1755388
1 New Change,London,EC4M 9AF,1848506
"91 Longbridge Lane, Longbridge",Birmingham,B31 2UT,976152
3 Jack Rosenthal Street,Manchester,M15 4RA,1906916
27 Broad Green Road,Liverpool,L13 5SD,498758
"2 Manston Approach, Cross Gates",Leeds,LS15 8BQ,322139
446 Firth Park Road,Sheffield,S5 6HH,1076781
"1 Birchwood Road, St Annes",Bristol,BS4 4QH,1666843
58 Wiverton Road,Nottingham,NG7 6NT,1409381
31a Braunstone Gate,Leicester,LE3 5LH,1850044
23 Shandwick Place,Edinburgh,EH2 4RG,1700796
51 Cochrane Street,Glasgow,G1 1HL,1758703
"79 - 81 Whitchurch Road, Gabalfa",Cardiff,CF14 3LX,1767130
417 Ormeau Road,Belfast,BT7 3GQ,1358710
20 Heaton Road,Newcastle upon Tyne,NE6 1SD,481790
"Unit 2, Centremead, Osney Mead",Oxford,OX2 0ES,1011220
"4 Norfolk Street, Cambridgeshire",Cambridge,CB1 2LF,1473650
15 Sycamore Place,York,YO30 7DW,439216
"3 - 7 Milsom Place, City Centre, Bath And North East Somerset",Bath,BA1 1BZ,1219398
"148 Sidwell Street, Devon",Exeter,EX4 6RT,1430783
127 Tangier Road,Portsmouth,PO3 6PD,87335
29 Baker Street,Brighton,BN1 4JN,904292
277 Rosemount Place,Aberdeen,AB25 2YB,593325
113 Perth Road,Dundee,DD1 4JB,187057
77 New George Street,Plymouth,PL1 1RJ,1872802
3-5 Cross Cheaping,Coventry,CV1 1HF,1556957
821a Osmaston Road,Derby,DE24 9BQ,1849208
"18 Manor Farm Road, Bitterne Park",Southampton,SO18 1NP,219302
37-45 Station Road,Reading,RG1 1LX,1130010
"3 Willenhall Road, West Midlands",Wolverhampton,WV1 2HG,1776539
"7 Park Street, Fenton",Stoke-on-Trent,ST4 3JB,1682918
8 Ludgate Broadway,London,EC4V 6DU,534426
"1 Sheldon Heath Road, Stechford And Yardley North",Birmingham,B26 2DQ,1657445
245 Princess Road,Manchester,M14 7LT,1831277
38 Penny Lane,Liverpool,L18 1DG,1244085
1 St Peters Square,Leeds,LS9 8AH,321199
78 Buchanan Road,Sheffield,S5 8AL,696735
"8 Wootton Road, St Annes",Bristol,BS4 4AL,1108907
197 Alfreton Road,Nottingham,NG7 3NW,1908515
141 Narborough Road,Leicester,LE3 0PB,1714341
92 Hanover Street,Edinburgh,EH2 1DR,1858505
103 Ingram Street,Glasgow,G1 1DX,1833099
"44 Merthyr Road, Whitchurch",Cardiff,CF14 1DJ,1492976
225-227 Upper Newtownards Road,Belfast,BT4 3JF,1170642
210 - 216 Shields Road,Newcastle upon Tyne,NE6 1DU,237202
"224 Cowley Road, Oxfordshire",Oxford,OX4 1UH,268534
"664 Newmarket Road, Cambridgeshire",Cambridge,CB5 8RS,1472737
104 Fishergate,York,YO10 4BB,245480
"4 James Street West, City Centre",Bath,BA1 2BX,623657
40 Longbrook Street,Exeter,EX4 6AE,1699268
132 Tangier Road,Portsmouth,PO3 6PG,902887
"36 Eldred Avenue, Brighton & Hove",Brighton,BN1 5EG,207843
"62-64 Shiprow, Aberdeen City",Aberdeen,AB11 5BY,1342436
10 Dundonald Street,Dundee,DD3 7PW,1134264
28 Springfield Road,Plymouth,PL9 8EN,136054
10-14 Upper Precinct,Coventry,CV1 1DE,1576196
742 Osmaston Road,Derby,DE24 8GU,1849212
116 Portswood Road,Southampton,SO17 2FY,219459
"12/14 School Road, Tilehurst",Reading,RG31 5AL,280998
"60 High Street, Wednesfield, West Midlands",Wolverhampton,WV11 1SZ,784096
"13 Lamb Street, Hanley",Stoke-on-Trent,ST1 1PF,1776010
72 Cheapside,London,EC2V 6EN,1810476
51 Muntz Street,Birmingham,B10 9SN,1679987
229 Hill Lane,Manchester,M9 6RG,1831265
12 Myrtle Street,Liverpool,L7 7DP,1339519
8 Swinegate,Leeds,LS1 4AG,1603478
37 Abbey Lane,Sheffield,S8 0BJ,1823880
"95 East Dundry Road, Whitchurch",Bristol,BS14 0LN,1260565
136 Hucknall Road,Nottingham,NG5 1AD,217365
67-71 Church Gate,Leicester,LE1 3AN,1806954
180 Ferry Road,Edinburgh,EH6 4NS,663505
20 Quarrywood Avenue,Glasgow,G21 3ES,126175
"Unit 4 To 5 Avocet House 88 Station Road, Llandaff North",Cardiff,CF14 2FG,1617136
171 Shankill Road,Belfast,BT13 1FP,1451389
45 - 51 Stowell Street,Newcastle upon Tyne,NE1 4YB,1777630
"7 Atkyns Road, Oxfordshire",Oxford,OX3 8RA,1019659
"3 - 4 Market Street, Cambridgeshire",Cambridge,CB2 3PA,1654769
6 Coppergate,York,YO1 9NR,244633
"3 Terrace Walk, City Centre, Bath And North East Somerset",Bath,BA1 1LN,1847496
"5 Summer Lane, Devon",Exeter,EX4 8BT,982502
96 Broad Street,Portsmouth,PO1 2JE,1546043
13 - 14 Preston Street,Brighton,BN1 2HN,938834
43-47 Jopps Lane,Aberdeen,AB25 1BX,592376
"Unit 5, 142 Arbroath Road",Dundee,DD4 7PU,1931922
28a Springfield Road,Plymouth,PL9 8EN,1796814
21 Burges,Coventry,CV1 1HL,1744456
"5 Blenheim Parade, Allestree",Derby,DE22 2GP,216090
14 Portsmouth Road,Southampton,SO19 9AA,219843
"67 Honey End Lane, Berkshire",Reading,RG30 4EL,280625
"16 Market Way, West Midlands",Wolverhampton,WV14 0DR,784245
"552 Hartshill Road, Hartshill",Stoke-on-Trent,ST4 6AF,1217241
1 Aldgate Square,London,EC3N 1AF,1684438
"1158 Stratford Road, Hall Green",Birmingham,B28 8AF,1823816
168 Stretford Road,Manchester,M15 5TL,1820136
493 Rice Lane,Liverpool,L9 8AP,1487996
"187 Chapeltown Road, Chapeltown",Leeds,LS7 3DU,1583938
383 Abbeydale Road,Sheffield,S7 1FS,438143
"44 Cotham Hill, Cotham",Bristol,BS6 6LA,1019784
53 Abbey Street,Nottingham,NG7 2NZ,1908517
99 Granby Street,Leicester,LE1 6FD,1847929
11 Sauchiebank,Edinburgh,EH11 2NN,975003
828 Mosspark Drive,Glasgow,G52 3DA,1863983
"207 Bute Street, Butetown",Cardiff,CF10 5HR,969761
310 Albertbridge Road,Belfast,BT5 4GX,58177
24 Wretham Place,Newcastle upon Tyne,NE2 1XU,1543057
"89 Covered Market, Market Street, Oxfordshire",Oxford,OX1 3DY,269526
"9 Market Street, Cambridgeshire",Cambridge,CB2 3PA,1632479
81 Gillygate,York,YO31 7EA,246363
"14 James Street West, City Centre",Bath,BA1 2BX,624015
"3 Buddle Lane, Devon",Exeter,EX4 1JU,963417
"R24, The Canalside, Gunwharf Quays",Portsmouth,PO1 3FA,1703689
"263 Ditchling Road, Stanmer, East Sussex",Brighton,BN1 6JH,206470
"24 Market Street, Aberdeen City",Aberdeen,AB11 5PL,1882114
202 Blackness Road,Dundee,DD1 5PL,1365965
"24 Molesworth Road, Stoke",Plymouth,PL1 5LZ,873864
3 King William Street,Coventry,CV1 5JD,341624
"44 Station Road, Mickleover",Derby,DE3 9GH,772461
182 High Street,Southampton,SO14 2BY,1830777
"120a Henley Road, Caversham",Reading,RG4 6DH,1223221
"Unit 1, Howard Street",Wolverhampton,WV2 3LQ,738823
"4 Ruxley Road, Bucknall",Stoke-on-Trent,ST2 9DG,686994
50 - 52 Long Lane,London,EC1A 9EJ,1791103
"40 Station Road, Erdington",Birmingham,B23 6UE,1720305
595C Stockport Road,Manchester,M13 0RX,1820343
89 - 91 Mount Pleasant,Liverpool,L3 5TB,496918
"231 Harehills Lane, Harehills",Leeds,LS8 3QH,913364
713 Abbeydale Road,Sheffield,S7 2BE,1545073
"3 Queen Quay, Welsh Back, City Centre",Bristol,BS1 4SL,818382
16 Little Tennis Street,Nottingham,NG2 4EN,216452
89 Halkin Street,Leicester,LE4 6JX,715401
2 Murieston Road,Edinburgh,EH11 2JH,1888794
727 Great Western Road,Glasgow,G12 8QX,104709
"194 City Road, Roath",Cardiff,CF24 3JF,1514842
396 Falls Road,Belfast,BT12 6DJ,58919
133 Sandyford Road,Newcastle upon Tyne,NE2 1QR,1952420
"24 Holywell Street, Oxfordshire",Oxford,OX1 3SB,268752
"12 Mill Road, Cambridgeshire",Cambridge,CB1 2AD,1473205
14 Goodramgate,York,YO1 7LQ,245697
"7 Bladud Buildings, City Centre, Bath And North East Somerset",Bath,BA1 5LS,1558140
"47 Longbrook Street, Devon",Exeter,EX4 6AW,1582618
235 Havant Road,Portsmouth,PO6 1DA,1775055
7 Pavilion Buildings,Brighton,BN1 1EE,1315725
43-45 Market Street,Aberdeen,AB11 5EL,593429
"114 High Street, Lochee",Dundee,DD2 3BL,151178
26 Morshead Road,Plymouth,PL6 5AH,733349
623 Foleshill Road,Coventry,CV6 5JR,836947
1285a London Road,Derby,DE24 8QN,1810432
142 Butts Road,Southampton,SO19 1BJ,1182318
108 Kings Road,Reading,RG1 3BY,280330
"55 Vicarage Road, Parkfield",Wolverhampton,WV2 1DF,608798
"83 Stoke Road, Shelton",Stoke-on-Trent,ST4 2QH,1713036
21 Mason's Avenue,London,EC2V 5BT,294078
"262-268 High Street, Erdington",Birmingham,B23 6SN,601932
125 Manchester Road,Manchester,M21 9PG,1894394
34 Childwall Abbey Road,Liverpool,L16 0JN,1681382
"56 Aberford Road, Oulton",Leeds,LS26 8HP,1075921
367 Abbeydale Road,Sheffield,S7 1FS,437904
"1 Oxford Place, Easton",Bristol,BS5 0NR,1514082
"Unit D4, Cowlairs",Nottingham,NG5 9RA,1438705
171 Belgrave Gate,Leicester,LE1 3HS,736887
129 Lauriston Place,Edinburgh,EH3 9JN,1603378
1620 Great Western Road,Glasgow,G13 1HH,912833
"18 Albany Road, Roath",Cardiff,CF24 3RQ,1733849
21 Skipper Street,Belfast,BT1 2DZ,57931
227 Westgate Road,Newcastle upon Tyne,NE4 6AD,1881937
"53 Collinwood Road, Oxfordshire",Oxford,OX3 8HH,1680804
"3 Peas Hill, Cambridgeshire",Cambridge,CB2 3PP,1472873
31 Fossgate,York,YO1 9TA,701559
"2 - 3 Queen Street, City Centre, Bath And North East Somerset",Bath,BA1 1HE,1813857
"177-181 Fore Street, St Davids, Devon",Exeter,EX4 3AX,1085712
"103A, Tangier Road",Portsmouth,PO3 6PB,971558
78 St James's Street,Brighton,BN2 1PA,1042588
218 Great Western Road,Aberdeen,AB10 6PD,1337386
57-59 Albert Street,Dundee,DD4 6NY,1823580
2 Newport Street,Plymouth,PL1 3QG,149745
63 Far Gosford Street,Coventry,CV1 5DZ,1903545
29 Shardlow Road,Derby,DE24 0JG,1617809
25 Oxford Street,Southampton,SO14 3DJ,1372875
11 St Marys Butts,Reading,RG1 2LN,280211
"47 High Street, Wednesfield, West Midlands",Wolverhampton,WV11 1ST,1888877
"Unit 7 Hanley Business Park, Cooper Street, Shelton",Stoke-on-Trent,ST1 4DW,982145
16 Byward Street,London,EC3R 5BA,295164
"288 Lichfield Road, Sutton Four Oaks",Birmingham,B74 2UG,604020
295 Palatine Road,Manchester,M22 4HH,1816483
126 Stonebridge Lane,Liverpool,L11 9AZ,497284
"37 Queens Road, Woodhouse",Leeds,LS6 1NY,320079
187 Burngreave Road,Sheffield,S3 9DL,1823893
"406 Stapleton Road, Easton",Bristol,BS5 6NQ,1318556
74 Gregory Boulevard,Nottingham,NG7 5JD,1679511
215 Melton Road,Leicester,LE4 6QT,1882233
36 Leven Street,Edinburgh,EH3 9LJ,1517817
119 Carmunnock Road,Glasgow,G44 5UW,1261338
"Unit 3a City Link Retail Park Newport Road, Adamsdown",Cardiff,CF24 1PQ,970597
170 Alexandra Park Avenue,Belfast,BT15 3GJ,56943
5 Saville Place,Newcastle upon Tyne,NE1 8DQ,1755489
"Unit 3, Dartington House, 55 Little Clarendon Street",Oxford,OX1 2HS,1378231
"30 Fitzroy Street, Cambridgeshire",Cambridge,CB1 1EW,1472897
39 Parliament Street,York,YO1 8RU,1493692
"6 Sussex Place, Widcombe, Bath And North East Somerset",Bath,BA2 4LA,1659584
"50 Queen Street, Devon",Exeter,EX4 3SR,1041681
"R10, North Promenade Building, Gunwharf Quays",Portsmouth,PO1 3TR,1275062
44 Preston Street,Brighton,BN1 2HP,208361
85 Crown Street,Aberdeen,AB11 6EX,593736
"176 High Street, Lochee",Dundee,DD2 3BZ,186550
20 The Barbican,Plymouth,PL1 2LS,1636613
40 Moor Street,Coventry,CV5 6EQ,1651677
129 London Road,Derby,DE1 2QN,215769
"Unit FCK4, Mezzanine Food Level, West Quay Shopping Centre",Southampton,SO15 1QE,219981
5 Alfred Street,Reading,RG1 7AT,1552892
"25 - 27 Harrow Street, West Midlands",Wolverhampton,WV1 4PE,1211031
"Unit 1 Springfields Retail Park, Newcastle Road, Trent Vale",Stoke-on-Trent,ST4 6PD,681056
103 Cannon Street,London,EC4N 5AG,293701
"6 Swan Centre, 20 Church Road, South Yardley",Birmingham,B25 8UJ,604364
27 Turner Street,Manchester,M4 1DG,1817485
165 Lodge Lane,Liverpool,L8 0QQ,496785
"259 Dewsbury Road, Hunslet",Leeds,LS11 5HZ,1018488
516 Burncross Road,Sheffield,S35 1SL,438221
"17&19 Christmas Street, City Centre",Bristol,BS1 5BT,1217609
"Unit 5 Adco Business Park, Plantation Side",Nottingham,NG8 5AH,1759607
8 Melton Road,Leicester,LE4 5EA,458052
50 Blackfriars Street,Edinburgh,EH1 1NE,1797273
1201 Duke Street,Glasgow,G31 5NZ,1833107
"97 - 99 Caerphilly Road, Heath",Cardiff,CF14 4AE,1735530
23-31 Bradbury Place,Belfast,BT7 1RR,57145
Arches 8 - 10 Forth Goods Yard Forth Street,Newcastle upon Tyne,NE1 3PG,1771765
"228 - 230 Cowley Road, Oxfordshire",Oxford,OX4 1UH,1084997
"1 Bene't Street, Cambridgeshire",Cambridge,CB2 3QN,1473649
"1B Church Street, Copmanthorpe",York,YO23 3SE,245274
"3 Victoria Buildings, Westmoreland, Bath And North East Somerset",Bath,BA2 3EH,1813862
"92 Queen Street, Devon",Exeter,EX4 3RP,167382
77 Twyford Avenue,Portsmouth,PO2 8DG,971568
13 Cranbourne Street,Brighton,BN1 2RD,838783
404 Great Western Road,Aberdeen,AB10 6NR,593316
41 Albert Street,Dundee,DD4 6NY,1913566
14-16 Victoria Road,Plymouth,PL5 1RG,1687369
147 Westwood Road,Coventry,CV5 6GD,1799144
"Unit 4 Sawley Park, Nottingham Road",Derby,DE21 6AS,1343389
21 East Street,Southampton,SO14 3HG,1915535
350 Brook Drive,Reading,RG2 6UU,1130014
"40 - 41 Snow Hill, West Midlands",Wolverhampton,WV2 4AG,1432481
"2 Old Hall Street, Hanley",Stoke-on-Trent,ST1 1QT,127021
107 Houndsditch,London,EC3A 7BD,293988
125 Ladypool Road,Birmingham,B12 8LH,1787389
139-141 Woodlands Road,Manchester,M8 0NG,1819095
7A West Derby Village,Liverpool,L12 5HJ,1219361
"34 Queens Road, Hyde Park",Leeds,LS6 1NY,1769437
299 Middlewood Road,Sheffield,S6 1TG,779267
"268 Lodge Causeway, Fishponds",Bristol,BS16 3RD,1765586
15-17 King Street,Nottingham,NG1 2AY,1802122
321 St Saviours Road,Leicester,LE5 4HG,848096
38 Dalry Road,Edinburgh,EH11 2BA,1711075
"Flat 4/2, 25 Broomhill Avenue",Glasgow,G11 7BF,1132769
"4C Heol-y-deri, Rhiwbina",Cardiff,CF14 6HF,1735529
159-161 Donegall Pass,Belfast,BT7 1DT,1836082
2 - 4 Argyle Street,Newcastle upon Tyne,NE1 6PF,1556447
"74 Cowley Road, Oxfordshire",Oxford,OX4 1JB,949738
"45 Arbury Court, Cambridgeshire",Cambridge,CB4 2JQ,1472534
74 Holgate Road,York,YO24 4AB,244634
"4 Victoria Buildings, Westmoreland",Bath,BA2 3EH,1591236
"15 - 16 Richmond Road, Devon",Exeter,EX4 4JA,1623908
92 Tangier Road,Portsmouth,PO3 6HU,70118
61 Queens Road,Brighton,BN1 3XD,208603
4 Canal Road,Aberdeen,AB25 3TL,592781
140B Arbroath Road,Dundee,DD4 7PU,151139
99 King Street,Plymouth,PL1 5JA,330714
280 Walsgrave Road,Coventry,CV2 4BL,1373573
79 Brackens Lane,Derby,DE24 0AQ,1515832
104 - 108 Above Bar Street,Southampton,SO14 7DT,219800
300 Longwater Avenue,Reading,RG2 6GE,280595
"316A Dudley Road, West Midlands",Wolverhampton,WV2 3JY,1889369
56 Liverpool Road,Stoke-on-Trent,ST4 1AZ,1713034
